comments,sentimen,kategori
sebelum kamu hiatus bolehkah aku pinjem seratus,Netral,Engagement
Jadi semangat banget buat workout,Netral,Engagement
Punya ku sen,Netral,Engagement
Sena aku ultah sena,Netral,Engagement
Udah bang... Iya bang gak pamer pamer lagi... Udah bang,Netral,Engagement
Sasuga Anak Chief V,Netral,Engagement
ekspresi ketika di kasih duit,Netral,Engagement
Paha krispy,Netral,Engagement
Expresi wajah di tanggal tua,Netral,Engagement
siap overdosis zetamin!,Netral,Engagement
woooo koi premium,Netral,Engagement
Expresi wajah di tanggal tua,Netral,Engagement
beda 2 hari dengan holoh3ro,Netral,Engagement
Maaf hutang 100 nya saya lunaskan,Netral,Engagement
Bisa bisanya aku ngikutin chord nya pake gitar akustik biasa,Netral,Engagement
"lagu ini dlu mau dia bawa buat pensi di sekolah hehehe sampe dia belajar main gitar berjam jam. dan lagu ini dibawain dia buat nembak aku dan dari situ lah aku menerima dia...",Netral,Engagement
Mayan buat playlist pas lagi senggang ato ga belajar,Netral,Engagement
Gabut sekali kaka yang satu ini,Netral,Engagement
Guys Disclaimer Ini Itu Bakal Ada<br> Skin Baru Yang Bertema Haloween<br>Jadi Tingal Nunggu Waktu Aja,Netral,Engagement
Saya itu nekoyama Sena biasa di panggil Sena nama bapak saya John sena,Netral,Engagement
Nambah koleksi,Netral,Engagement
Hmm... I'm waiting for the world market to change first..,Netral,Engagement
Vtuber satu ini sangat senang jika karakternya di jadikan bahan cabul,Netral,Engagement
Sabar sayanggg pasti nonton kok,Netral,Engagement
Kalau Rick roll nya kayak Gini Gak ada yang kesel wkwkwk,Netral,Engagement
fun fact sena suka banget cosplay jadi clara honkai star rail,Netral,Engagement
Nice try sen nice try....ğŸ‘ğŸ‘,Netral,Engagement
Hallo Sena bocil,Netral,Engagement
jadi adiknya om kratosğŸ—¿,Netral,Engagement
Sena juga bisa jadi kobra,Netral,Engagement
Lagu yg bikin sedih dan bikin seneng Terima kasih ya kak Chi,Netral,Engagement
"seumuran SMP, langsung mau aku lamar",Netral,Engagement
"dengan kriteria sempurna, langsung mau aku lamar",Netral,Engagement
"Bukan hanya mengajak bergabung ke komunitas kami kami juga menghargai mereka dengan berbagai penghargaan dan hadiah<br><br>Melalui berbagai event-event menarik",Netral,Engagement
Terong ketika disalahgunakan,Netral,Engagement
Gas,Netral,Engagement
Coki pardayday: Tidak!!!! Hehehe iya,Netral,Engagement
Iman ku masih kuat aku tidak akan terpengaruh ahh,Netral,Engagement
Iya sena kami tunggu besok ya,Netral,Engagement
Turunkan link,Netral,Engagement
Tampang Heavy metal tapi hati Hello Kitty,Netral,Engagement
Over size dikit enggak ngaruh ğŸ—¿,Netral,Engagement
Lebih baik aku lindungi karena aku suka kucing,Netral,Engagement
Pakai nanyağŸ—¿,Netral,Engagement
Tergantung harga dan diskon nya,Netral,Engagement
Wujud asli sena,Netral,Engagement
Pake nanya,Netral,Engagement
kuramal garis tanganmu nampaknya kita jodohâ¤,Netral,Engagement
Kaya tangan bayi,Netral,Engagement
Potong tengah+manis,Netral,Engagement
Silahkan konfirmasi ke saya,Netral,Engagement
kelingking nya warna ğŸ†,Netral,Engagement
Dimataku semuanya terlihat seperti warna terong chi,Netral,Engagement
Ramaikan lalu......,Netral,Engagement
Sedang mencari keanehan,Netral,Engagement
Telapak tangan nya manager sama kaya gw woi lah,Netral,Engagement
"Tangan-tangan" gak pernah kena cipratan minyak panas sata goreng telor mata sapiğŸ”",Netral,Engagement
woo woo wangi wangi tangan eci,Netral,Engagement
Salam sehatğŸ˜ğŸ‘Š,Netral,Engagement
Pasti pas rekaman dikepalanya terngiang iya iya,Netral,Engagement
jangan tergoda kaum muslim ğŸ‘‘,Netral,Engagement
jangan jangan ini Ame versi extended,Netral,Engagement
Ketika lupa minum obat,Netral,Engagement
genjutsu nya kuat kali,Netral,Engagement
lanjut scroll aja bang gw dsini udh satu minggu,Netral,Engagement
"Hei, kawan, lanjut aja. Saia sudah tiga hari di sini",Netral,Engagement
Sisi lain dari si terong ini lebih berbaya lagi,Netral,Engagement
Sudah seminggu saya disini,Netral,Engagement
Ketika lagi nonton youtube :,Netral,Engagement
Kuku macan,Netral,Engagement
Kuku Kucing Tuh...,Netral,Engagement
Bro like foto gue dong,Netral,Engagement
Kak Chloe aku bocil replayğŸ¥º,Netral,Engagement
Santai dah sena legal dah sudah tidak di awasi FBI,Netral,Engagement
"Beli baju gratis sena",Netral,Engagement
Berani maju gw sundul tuh jidat,Netral,Engagement
@_imsleepyashell yang cubit saya btw,Netral,Engagement
Gua denger denger kalo ketemu wibu pukul ajağŸ—¿,Netral,Engagement
Aku gak tega,Netral,Engagement
aku ajak pacarku tapi ya,Netral,Engagement
Di dalam karakter vtuber imut terdapat karakter om om berjanggut,Netral,Engagement
Dimatakuh Rambutnya kak cloe bersinar terang,Netral,Engagement
jarinya logo Twitter terbaru,Netral,Engagement
infokan masjid terdekat,Netral,Engagement
Mungkin dia cewek yg pengen ikut sholat jumat doang :v,Netral,Engagement
Akhiri Agustus Dengan Jurus Pinjam Seratus Lebih Baik Lima RatusğŸ‘ğŸ‘ğŸ‘,Netral,Engagement
Only down ini mah,Netral,Engagement
30 detik tamat ni game,Netral,Engagement
Opening nya dri semangat sampe depresi,Netral,Engagement
selamat pagi chii,Netral,Engagement
Lu punya daily resin lu punya kuasa,Netral,Engagement
Ekspresi di tinggal satpam dan seekor hewan :v,Netral,Engagement
Buka kacamata nyağŸ‘€,Netral,Engagement
Dibalik kacamata itu ada air mata yang terbendung,Netral,Engagement
Ungu : lu mati gw party coy,Netral,Engagement
SOLID SOLID SOLID,Netral,Engagement
EHE..!!!. Macam kenal SEPERTINYA tertular vtuber biru ni,Netral,Engagement
Emang beda ungu satu ini,Netral,Engagement
Aku dari serang sena salam kenal,Netral,Engagement
Ntar kalau di comifuro ada yg wangi wangi fix sena skuy itu,Netral,Engagement
Mantap sen,Positif,Engagement
thanks sen ğŸ˜”,Positif,Engagement
Let's go graduasi streamğŸ—£ï¸ğŸ”¥ğŸ”¥ğŸ”¥ğŸ›«âœˆï¸ğŸ’¥ğŸ¢ğŸ¢,Positif,Engagement
Sen kamu lucu banget sih,Positif,Engagement
"Ih Cena kawai",Positif,Engagement
Nice cover kak sena,Positif,Engagement
Mirip foto aku dong cuma beda nya aku pake jaket yellow ğŸ˜‚ğŸ˜‚ğŸ˜‚,Positif,Engagement
Terong satu ini emot senyum muka kek sempakğŸ˜‚,Positif,Engagement
Greenlight guys blm ada cincinnya,Positif,Engagement
Ternyata anime ini punya tangan live action,Positif,Engagement
kuku nya lebih cantik daripada org nya ğŸ˜‹,Positif,Engagement
"cakep bang kuku nya kek prakarya anak sd ğŸ™ğŸ»ğŸ™ğŸ»ğŸ˜ğŸ˜",Positif,Engagement
Siapa sangka tangan seindah itu bisa digandeng suatu hari nanti ğŸ˜®ğŸ˜,Positif,Engagement
Ekspresi ketika kak echi kena jumpscareğŸ˜‚ btw semangat terus kakğŸŒ·,Positif,Engagement
cantik banget chi.. keyboard nya,Positif,Engagement
Lagu favorite di cover orang yg tepat ya gini,Positif,Engagement
cantik banget kukunyağŸ¥°ğŸ¥°,Positif,Engagement
Keren juga kuku kaki elu chi,Positif,Engagement
Lebih lebar dari kuku gw omg. What a chad nails,Positif,Engagement
lucu banget chi kukunya cocok buat adu panco,Positif,Engagement
"Thank You echi for the Wallpaper akhirnya layar kunci sama layar awalku bertemakan echi <a href=""about:invalid#zCSafez""></a>",Positif,Engagement
Cantik banget chi artnya sama kek kamu ğŸ¥°ğŸ¥°,Positif,Engagement
"woooo covernya mantep!! Ikutan nyanyi hafalnya gara gara ame ame bikin nyaman suaranya~<br><br><br><br><br>AME~",Positif,Engagement
"Echi chan terimakasih buat full cover version aku menyukainya~ ğŸ’œ<br><br>Ame~!",Positif,Engagement
tangan nya bisa digenggam banget,Positif,Engagement
pengen ku genggamğŸ¤£ğŸ¤ğŸ¤,Positif,Engagement
OMOOO OMOOO RINA SUKA BANGET SM LAGU JUNGKOOKIE OPPA<br>GOMAWO KAK ECHI UDAH COVER LAGU NYA SUAMIKUğŸ˜­ğŸ˜­ğŸ¤,Positif,Engagement
Entah kenapa berhalusinasi lagu ini di cover jepang... Beneran ada ternyata...<br>Terima kasih sudah memenuhi halu saya secara tidak langsung ğŸ¤­ğŸ™,Positif,Engagement
sangat menggemaskan sekali ğŸ™Œ,Positif,Engagement
CakepğŸ‘ bang,Positif,Engagement
Aku suka sama translate nya â¤ï¸ makasi banyak ya,Positif,Engagement
Tangan echi wangi,Positif,Engagement
"majukan belom ada cincin nyağŸ˜‚",Positif,Engagement
Oke aku bakal coba lagunya tar update kalo diterima/ditolak wkwkwk,Positif,Engagement
Keyboard nya bagus juga tuh kak,Positif,Engagement
Is this a magic spell?!<br>Like i was stressed and after hearing this all of sudden i feel refresh and alive.,Positif,Engagement
Kebiasaan vtuber suka nyanyi dan mukanya imut kalo gw liat gw cubit telinga kamu lucu amat suara kamu ğŸ˜‚,Positif,Engagement
suaranya bagus banget calon peserta idol junior nih,Positif,Engagement
Ingin ku emut saking imutnyağŸ˜,Positif,Engagement
"Mirip tangan gua cuma warnanya doang yang beda :v",Positif,Engagement
Wah kerenn sepertinya cocok deh gandengan tangan sama gw ğŸ˜‚,Positif,Engagement
Dulu belum cover king belum vtuber sekarang .. gak ame ga vtuber ... wkwkwk,Positif,Engagement
Terong yg bikin birahi suaranya,Positif,Engagement
Biasa saja sih (imut banget anjir),Positif,Engagement
Terong yang satu ini emang sering membuat salting,Positif,Engagement
@taqimurphypantas sering kamu pake headset ini untuk dengar to,Positif,Engagement
Oh no dicium terong ğŸ˜‚,Positif,Engagement
"Cie yg senyum senyum sendiri ğŸ˜, like dulu kalo sama >>>>>>>>",Positif,Engagement
Bagus banget suaranya kak aku suka cover ini ğŸ‘ŒğŸ‘â¤,Positif,Engagement
Dicium terong manis thank you,Positif,Engagement
Woi salting brutal ah,Positif,Engagement
Ak Mau ğŸ˜‹,Positif,Engagement
Terong satu ini sangat bikin hati berdebar debar,Positif,Engagement
Makasih untuk seseorang yang udh beliin chiki buat echi jd cover ame ame dia wkwkkw,Positif,Engagement
Gila.. Lagu kesukaan ku di cover sama Vtuber kesukaan ku!! Bagus banget!!,Positif,Engagement
imut dan keren banget,Positif,Engagement
Istri gw akhirnya 3D,Positif,Engagement
tumben anomali terong jadi imut,Positif,Engagement
OMG THIS IS so good and cute wooo  ğŸ’–ğŸ’–ğŸ’–ğŸ’–ğŸ’–ğŸ’–,Positif,Engagement
I love you senağŸ’–ğŸ’–ğŸ’–ğŸ’–,Positif,Engagement
SUARA NYA IMUT AMA EDITAN NYA BAGUSS SEKALI,Positif,Engagement
Ahh makasih SenağŸ˜­ğŸ˜ udah cover aku suka banget Amatsuki aku suka banget lagu ini ahhâ¤ï¸â¤ï¸â¤ï¸,Positif,Engagement
suara sena bagus baget!,Positif,Engagement
Lagu ini enak buat pengantar tidur ğŸ‘ğŸ‘ğŸ¥°ğŸ¥°,Positif,Engagement
Diluar biasa aja di hati berbunga bunga,Positif,Engagement
GILA APA INI BAGUS KALI,Positif,Engagement
TerongğŸ† satu ini lumayan menggoda yağŸ˜ğŸ˜,Positif,Engagement
Yo lets go its today we gonna see zeta become 3d i cannot wait,Positif,Engagement
Wah suara sena gemoy banget kyk rasa aku bermimpi ğŸ˜Š,Positif,Engagement
Sama ni gk sabar.. yuk hari ini aja gaskan..ğŸ˜‚,Positif,Engagement
Kerja bagusğŸ—¿ğŸ‘,Positif,Engagement
suara yg manis ğŸ˜„,Positif,Engagement
aduh terong iya terong aku iyakan ğŸ¥°ğŸ¥°,Positif,Engagement
LagiÂ² di kasi suara Chloe ğŸ¥°,Positif,Engagement
Inilah alasan suka echi kadang goyang goyang ndak jelas tapi ada sisi UwU nya ğŸ—¿,Positif,Engagement
"Semangat senaa, gwsğŸ”¥",Positif,Engagement
GanbatteğŸ”¥,Positif,Engagement
aw lagu favorite akhirnya di cover~ otsu kalian,Positif,Engagement
ğŸ˜ğŸ˜ğŸ˜ bagus sangat merdu sampai tertidur,Positif,Engagement
wah lagunya bagus buat yang suka merenung saat malam,Positif,Engagement
the best emang suara chloe,Positif,Engagement
"beli lah masa enggak 3 miliyar pun aku bayar cikğŸ˜ğŸ‘",Positif,Engagement
Keren banget dong ğŸ˜<br>Lagu kesukaan ku dulu sekarang jadi suka lagi ğŸ˜­ğŸ™<br>Emang ya kalian keren banget ğŸ˜¤ğŸ˜¤,Positif,Engagement
Otw nontonğŸ”¥ğŸ”¥ğŸ”¥,Positif,Engagement
berapapun ku beli ğŸ˜,Positif,Engagement
Kya bagus banget makasih udah cover ini chloe dan abang!,Positif,Engagement
Lucu art nyağŸ˜ƒ,Positif,Engagement
Ikuzo!! Gen 2 is coming!,Positif,Engagement
asik gen 2 nya datang!,Positif,Engagement
Jago banget ya ges ya,Positif,Engagement
akhirnya anomali ungu berevolusi ğŸ˜ğŸ˜,Positif,Engagement
Anti vtuber tapi kalau yg ini boleh lah ğŸ˜‚ğŸ˜Š,Positif,Engagement
Laundry nya baru buka wkwkwk,Positif,Engagement
Wew ramai kostum2 baru lets goo,Positif,Engagement
semoga panjang umur dan sehat selalu ya kak SenağŸ˜ŠğŸ˜ŠğŸ˜Š,Positif,Engagement
Akhirnya bisa dijadian ringtone nya cecil,Positif,Engagement
Asik ringtone baru ğŸ˜‚,Positif,Engagement
Mantap auto langsung jadiin ringtone notifikasi,Positif,Engagement
Ngakak + lucu gemoyy gituğŸ¤£ğŸ¤£ğŸ¤£,Positif,Engagement
Nice dapet ringtone baru nih~ ğŸ˜‚,Positif,Engagement
NoooğŸ˜­ğŸ˜­ğŸ˜­bocil rehat,Negatif,Engagement
"98% muak 2% gabut liat nih kucing",Negatif,Engagement
MAMA AKU TAKUT,Negatif,Engagement
Ame nya tetep kedengaran chiğŸ˜­,Negatif,Engagement
hari hari yg menyedihkanğŸ˜­ğŸ˜­ğŸ˜­,Negatif,Engagement
Udah stop stop stop :&quot;ğŸ˜­,Negatif,Engagement
Waduh Sena mendesah,Negatif,Engagement
Sepi dan menyedihkan Tenggelam di lautan realita,Negatif,Engagement
"what the hell endingnya, nih loli enaknya aku apain ya",Negatif,Engagement
Ending nya seketika senyum ku jadi diam,Negatif,Engagement
"Apasih kucing gw gw bakar kamu nanti Om garit aku di pukul",Negatif,Engagement
"Hell no, ga salah denger gw sena ngomong r tadi",Negatif,Engagement
"""Mencintai wanita adalah hal yang mudah, tetapi dicintai oleh wanita adalah hal yang mustahil"" ğŸ˜­ ~putraa",Negatif,Engagement
Rip aim momentğŸ—¿ğŸ¤®,Negatif,Engagement
gausah sok imut kamu kontol,Negatif,Engagement
"maaf ya sen, aku skip video ini",Negatif,Engagement
harusnya Nembak orang malah Nembak tembok,Negatif,Engagement
Lagunya sesuai perasaanku padanyağŸ˜­,Negatif,Engagement
"Nunggu kelar dapet bill benerin motor dulu Kak SenağŸ¥². Real, aku juga mau punya baju yang gambar nya cewek anime, tapi duit gaji ku tidak mendukungğŸ¥²",Negatif,Engagement
Bayangin kalo guru wibu beli ini ğŸ’€,Negatif,Engagement
sedang menunggu anime satu ini kembali,Negatif,Engagement
Tidak tidak tidak @nekoyamasena aku sudah tau semuanyağŸ’€ğŸ’€ğŸ’€ğŸ’€ğŸ’€,Negatif,Engagement
huek fetish kakiğŸ¤®ğŸ¤®,Negatif,Engagement
gawat pose nyağŸ’€,Negatif,Engagement
Ih wibu,Negatif,Engagement
Oy yang wibu Jangan senyum-senyum sendiri ya!,Negatif,Engagement
Gue yang gak sengaja melakukan click terus di suruh jangan skip video ya be like: kenapa ini terjadi WHY!!!,Negatif,Engagement
anjing lah,Negatif,Engagement
Thumnail yang sus karena sena lagi........,Negatif,Engagement
Astaga skill issue,Negatif,Engagement
hanya bisa memutar lagu chloe sambil menunggu anime ini balik stream. demi melegakan setetes rindu dengan lantunan suara yang merdu,Negatif,Engagement
Takut sen nanti punggungku ada yang ngendusâ€ lagi,Negatif,Engagement
NOOOOğŸ’€ğŸ’€,Negatif,Engagement
Udah bejat nih anak,Negatif,Engagement
Yah sayang banget yaa sekarang Chloe bikinnya ditambah lirik jadi para lirikers tidak ada bahan ğŸ˜“<br>Tapi gapapa deh hubungan aku sama Chloe masih lancar kok<br><br>Karna beda dimensi hanyalah halangan bukan berarti tidak bisa saling mencintaiâ¤ğŸ’›ğŸ’™,Negatif,Engagement
Astaghfirullah mataku,Negatif,Engagement
"Hahaha makasih Chloe lagunya pas di nyanyiin di kafe dia malah jadian sama yang lain<br><br>Edit: tetep nyantai.. life goes on ~",Negatif,Engagement
Hari ini Valentine loh kok kamu merusak hati fans,Negatif,Engagement
What the ğŸ’€,Negatif,Engagement
kata mama ga boleh ğŸ’€,Negatif,Engagement
Masih lebih enak suara kobo kanaeru,Negatif,Engagement
Woi lah jangan sus sus ntar mamaku marah,Negatif,Engagement
porno bangett busett,Negatif,Engagement
Ada kenangan manis di lagu ini yg gak akan lupa,Negatif,Engagement
Aduh bahaya nih fetish kaki,Negatif,Engagement
sedang cari sena di situs jagung<br><br>Lah gak ada,Negatif,Engagement
vtuber aku mana ğŸ˜­ğŸ˜­ğŸ˜­,Negatif,Engagement
Aku nyanyiin ke anime dia gk responğŸ¥²,Negatif,Engagement
"Nope your feet is not my fetish",Negatif,Engagement
Dikirain live ternyata ğŸ˜…,Negatif,Engagement
kok aku kesindir ya<br>hari hariku kan sangat amat menyedihkan.....,Negatif,Engagement
Informasi yang ada kurang akurat ya,Negatif,Engagement
"Jadi selama ini begitu sempak nya vtuber, i see",Negatif,Engagement
Malas fetish kaki bau kaki,Negatif,Engagement
terlalu sus.. skip dulu ğŸ™,Negatif,Engagement
Kalo dia graduate dia bakal ikut para Kakak nya yg graduate dulu,Negatif,Engagement
Duh kok takut ya,Negatif,Engagement
firasat aku buruk,Negatif,Engagement
jangan lakukan ini sen,Negatif,Engagement
FIRASATKU BURUK,Negatif,Engagement
ih ğŸ¤®ğŸ¤® goblok,Negatif,Engagement
waduh dah ketebak sihğŸ˜¢,Negatif,Engagement
cuih ini lagu jepang bocah<br>//nampar kamu<br>kalau nggak suka lagunya ngapain mampir:/ bocil prik,Negatif,Engagement
Waduh bau bau sad ending,Negatif,Engagement
I have a bad feeling about this zzz,Negatif,Engagement
kampret nih bocil freak,Negatif,Engagement
I didn't trust this picture,Negatif,Engagement
Critical hit! DEATH,Negatif,Engagement
Jangan sampai... Gw rumbling juga ini sealam semesta,Negatif,Engagement
Shit about to get real,Negatif,Engagement
art dan caption yg bikin ketar-ketir,Negatif,Engagement
Clickbait ini pelanggaran!!!!!,Negatif,Engagement
aku nyesel nonton video ini,Negatif,Engagement
Posisi jari tangan yang meresahkan ya gaes ya ğŸ—¿ğŸ™ğŸ»,Negatif,Engagement
"Kukunya sih sudah bagus tapi kok bau belum mandinya sampai sini sih chi",Negatif,Engagement
langsung menyesal,Negatif,Engagement
Gara gara video ini gw kena rick roll 1000 kali,Negatif,Engagement
"Gak dulu aku skip",Negatif,Engagement
Bang kok pake gituan bang astagfirullah,Negatif,Engagement
Dah nyoba semua saran dari chloe tetep ae di tolak malah dibilang terlalu percaya diri,Negatif,Engagement
Anjing ada bekas korek burit cuk,Negatif,Engagement
ih jari kuntil jelek,Negatif,Engagement
ih buka website mana kamu woi anak kecil kok gk family friendly,Negatif,Engagement
cringe manusia sialan,Negatif,Engagement
ih sesat,Negatif,Engagement
diliat doang kok langsung ngambek ih baperan,Negatif,Engagement
nggak mau gua dikecup sama terong,Negatif,Engagement
"Thanks chloe walaupun udh telat... Tapi lagu ini bikin aku diterima",Negatif,Engagement
Sial kenapa aku tersipu,Negatif,Engagement
"Gila, wibu kalau gak Stres ya cabul.....",Negatif,Engagement
Ih kepedean banget,Negatif,Engagement
Terong bokep,Negatif,Engagement
Stress goblok,Negatif,Engagement
"Makasi atas terbuang sia sianya kuota gua yang belinya pake pulsa darurat lagi ğŸ˜Š",Negatif,Engagement
Sudah tidak terselamatkan ğŸ’€,Negatif,Engagement
Sial Aku kena genjutsu Terong,Negatif,Engagement
Parah baru subscribe malah di rickroll parah lu kak aku kasih tau mama gw,Negatif,Engagement
bacot ğŸ¤¬,Negatif,Engagement
Noob ğŸ¤¬,Negatif,Engagement
Parah nge bait anjir,Negatif,Engagement
sudahi pls makin jadi aneh nih agensi,Negatif,Feedback
Pengen ikut tapi peraturan bilang hanya untuk perempuan,Negatif,Feedback
Kemanisan cuy,Negatif,Feedback
Baru sekarang buat promosinya sen,Negatif,Feedback
Sena bosen request main game,Negatif,Feedback
Sena ayo main free fire udah gk pernah main lagi,Negatif,Feedback
"Kalo ngantuk turu woi malah diem-diem baik",Negatif,Feedback
Ga serem<br>Yg serem tuh kalau ada tulisan &quot;Announcement&quot;,Negatif,Feedback
Beliau terlalu barbar untuk promosi di igğŸ’€,Negatif,Feedback
Andai ada ame nya,Negatif,Feedback
Sangat tidak cocok dipakai solat,Negatif,Feedback
Kak sena ini terlalu porno ğŸ’€,Negatif,Feedback
jorok gitu design nya,Negatif,Feedback
"Otsu banget cover nya ciii kerenan ini sumpah jangan sentuh sentuh lagi tuh curse word <a href=""about:invalid#zCSafez""></a><a href=""about:invalid#zCSafez""></a>",Negatif,Feedback
Bagiku design nya bagus...cuman yg agak tidak bagus nya adalah.... Kenapa dibagian bawahnya itu... â˜•,Negatif,Feedback
Sedikit kurang cocok tapi gpp lah,Negatif,Feedback
Waduh terlalu vulgar jika dipakai diluar,Negatif,Feedback
No tidak familiy friendly,Negatif,Feedback
Terlalu seksi untuk di buat jalan jalanğŸ—¿,Negatif,Feedback
kena copyright kocak-kocak,Negatif,Feedback
"G dulu deh gambar nya terlalu vulgar untuk di pake ke tempat umum",Negatif,Feedback
Duh minder kalo bumper nya keliatan,Negatif,Feedback
Gambarnya terlalu,Negatif,Feedback
Astaga thumbnail nya,Negatif,Feedback
Thumbnail nya membuat gagal fokus aja eh pas di buka ternyata hoax,Negatif,Feedback
Suara nya diperbaiki,Negatif,Feedback
Ukuran s harusnya,Negatif,Feedback
Sen bikin cover lagi senğŸ˜­,Negatif,Feedback
Kurang ketat tunggu aja itu nanti jadi ketat umur 40-50 tahun lagi baru menarik perhatian,Negatif,Feedback
Kurang gemas,Negatif,Feedback
"SEN SEN FOTO LAIN KAN BISA SEN.KOK FOTO INI GAK ENAK BANGET",Negatif,Feedback
linknya nggak bisa di click cuk,Negatif,Feedback
gw nggak bisa baca tulisanya,Negatif,Feedback
Sen kamu pasti bisa menjadi pelaku ntr ğŸ˜­,Negatif,Feedback
WOY SEN PLEASE JANGAN GITU,Negatif,Feedback
NOO SENA JANGAN BIKIN JANTUNGAN NJSJSISHSIWJWGAISHIWWH,Negatif,Feedback
Sena jangan bikin aku overthinking sen....,Negatif,Feedback
Apalah sen ini jangan bikin overthinking ğŸ¥²,Negatif,Feedback
SEN KENAPA FOTO INI DAHğŸ˜­,Negatif,Feedback
Ini mah merusak lagu.. Lagu yang asli yang ada ame nya,Negatif,Feedback
kalau Gak terong gak asik,Negatif,Feedback
"Nggak ah masih lebih gemes kuku anime",Negatif,Feedback
"gyutto tanpa ame ame bagai sayur tanpa MsG",Negatif,Feedback
kayaknya nama chord sama gambar chord nya ga sesuai deh,Negatif,Feedback
Kurang uratnya aja bang,Negatif,Feedback
Sial volume gw full+ ada bapak gw ğŸ—¿ğŸ—¿,Negatif,Feedback
"Lebih suka suara zeta sih halo sayang",Negatif,Feedback
kurang puas kalau cium mau nya ewe ğŸ˜‹,Negatif,Feedback
"one word. its cringe 2d graphics kartun too much halu bullshit and bau bawang ga terima? yah wajar jujur itu lebih menyakitkan",Negatif,Feedback
"terong stop nanti Zeta bakal lihat kita, ahh tidak....",Negatif,Feedback
Yah telat upload bang,Negatif,Feedback
Live kok nya cuma bentar,Negatif,Feedback
KAKAK KOK JARANG BIKIN KONTEN KANGEN YA KEBANGETAN KANGEN KAK sering sering bikin konten sama lagu kak lagu kakak favorit aku banget,Negatif,Feedback
Kak Chloe kalau mau nge ghosting jangan lama-lama ğŸ¥²,Negatif,Feedback
Kak echi minta lirik dong aku kesusahan buat membacanyağŸ˜…,Negatif,Feedback
Kangen kamu chloeğŸ˜¢,Negatif,Feedback
Yah kak Chloe jadi ninja,Negatif,Feedback
Kangen sama live kakak,Negatif,Feedback
THUMBNAIL NYA GANTI BRO WOI NANTI DI TANGKAP FBI,Negatif,Feedback
Maaf kak ini cuma sekedar saran menurutku suara noisenya terlalu banyak kayak ahh suara nafasnya kak chloe. Tapi overall oke kok kak cuma lebih baik dikurangi soalnya terkesan tabu,Negatif,Feedback
woe telinganya hilang woe yang bener nih,Negatif,Feedback
Gw langsung kejang-kejang karena pake headphone volume full,Negatif,Feedback
sayang banget di balikpapan ternyatağŸ˜­ğŸ˜­ğŸ˜­,Negatif,Feedback
Aduh bang jauh sekaliğŸ˜¢,Negatif,Feedback
Setelah ghosting beberapa bulan hampir aja lupa sama kita,Negatif,Feedback
Thumbnail meresahkan,Negatif,Feedback
an audio cancelling technology : Am I a joke to you?,Negatif,Feedback
Kangen sama nyanyian kakak,Negatif,Feedback
linknya mati,Negatif,Feedback
noooo jangan bikin cover ini,Negatif,Feedback
stop bikin konten porno,Negatif,Feedback
Waduh jangan kayang Sena nanti encok siapa yang mau mengobati,Negatif,Feedback
stop it's cringe,Negatif,Feedback
CAPEK GW TIAP HARI DENGER LAGU INI,Negatif,Feedback
suaranya kurang keras,Negatif,Feedback
lagu bangsat ğŸ˜¡<br>lagu meresahkan warga ini,Negatif,Feedback
kangen liat main berdua lagi,Negatif,Feedback
kangen banget sama live nya chloe,Negatif,Feedback
sangat tidak cocok untuk ditonton,Negatif,Feedback
jorok gitu gambarnya,Negatif,Feedback
Duh bikin malu bumper nya,Negatif,Feedback
No.... tidak ramah buat dilihat,Negatif,Feedback
Kurang musik aja ini,Negatif,Feedback
kecewa tidak ada minecraft,Negatif,Feedback
kurang lama tekannya ğŸ˜­,Negatif,Feedback
ngulangin lagi kesalahannya ğŸ’€ğŸ’€,Negatif,Feedback
haduh bang jangan dibuat main gitu,Negatif,Feedback
Bilangnya berbagi pengalaman biar nggak ada yang mengulangi tapi nggak dijelasin penyebabnya apağŸ¥²,Negatif,Feedback
Yah gk bisa lihat meteor dong,Negatif,Feedback
begini lah vtuber sakit dikit posting eek dikit posting,Negatif,Feedback
bales dong kak :(,Negatif,Feedback
Yaelah pasti kebanyakan gerak waktu di infus! Diem dikit napa diemğŸ˜¡,Negatif,Feedback
Nah itu akibat jarang salto itu sen,Negatif,Feedback
Aku dah bosen kena Rick roll,Negatif,Feedback
haduh kan... udah ini kompres pake air anget sen biar kempes,Negatif,Feedback
thumbnail nya bikin penasaran ehh waktu videonya ku click gua malah ke rickroll dahlah,Negatif,Feedback
Perasaan Baru juga mendingan kemarin sen sen jadi kucing kok rese amat sih bukannya rehat dulu ğŸ˜¡,Negatif,Feedback
kemarin baru sembuh kok sudah sakit lagi sih? ğŸ˜¡ğŸ˜¡,Negatif,Feedback
sakit lagi sakit lagi jangan lupa untuk olah raga ya,Negatif,Feedback
tolong sen jaga kesehatan pls ğŸ˜­,Negatif,Feedback
kapan nyanyi lagiğŸ˜­ğŸ˜­,Negatif,Pertanyaan
Woy kuning kapan balek stream lagi ghosting mulu,Negatif,Pertanyaan
Jadi kamu kira kita tidak peduli?(merasa angry)ğŸ™‚,Negatif,Pertanyaan
Kenapa lagu sebagus ini view nya sepi yah ? Padahal nyentuh banget,Negatif,Pertanyaan
Meanwhile Kobo: ARE U SURE ABOUT THAT HAH?,Negatif,Pertanyaan
Napa thumbnail nya gitu heh,Negatif,Pertanyaan
kenapa chi.. aku udah beli merch kamu loh padahal,Negatif,Pertanyaan
Kapan live beb kangen nih :(,Negatif,Pertanyaan
Kak Sena aim kakak kemana kok di valo nembak nya cicak bukan orangnya,Negatif,Pertanyaan
"Gambarnya bagus banget chi tapi...<br><br><br><br><br>KENAPA TETAP HARUS ADA MARKETING NYA?",Negatif,Pertanyaan
kok ilang telinganya?,Negatif,Pertanyaan
"Lah kok bagus suaranya? Bukannya bilang ga bisa nyanyi? Oh pantas ini suaranya elaine bukan echi<a href=""about:invalid#zCSafez""></a>",Negatif,Pertanyaan
Bagus tapi...<br><br>Ame nya mana ?!!!ğŸ˜¡,Negatif,Pertanyaan
nigga what the fuck is this shit,Negatif,Pertanyaan
Bro why? ğŸ’€,Negatif,Pertanyaan
Kok ga ada ame nya,Negatif,Pertanyaan
SOPAN KAH BEGITU???,Negatif,Pertanyaan
Waduh!! apakah tidak berbahaya,Negatif,Pertanyaan
Kok warna kayak gitu ğŸ˜¶,Negatif,Pertanyaan
Oi lagi ngapain sih?,Negatif,Pertanyaan
Wah aku telat.... Kapan buka audisi lagi kak?,Negatif,Pertanyaan
masih Bocah SD ya?,Negatif,Pertanyaan
chloe kamu kemana huhu,Negatif,Pertanyaan
Graduate? ğŸ˜¢,Negatif,Pertanyaan
apakah graduate?,Negatif,Pertanyaan
Kenapa baru sekarang ketemu lagu iniğŸ¥²,Negatif,Pertanyaan
Kenapa di Spotify masih belum ada liriknya :(((,Negatif,Pertanyaan
"Aroma-aroma graduate kah?",Negatif,Pertanyaan
Apa ini? Sena jadi mbak-mbak?<br>Waduh siapa ini yang Nerf Sena?,Negatif,Pertanyaan
loh mau nikah kah?,Negatif,Pertanyaan
Bisa kena copyright ga sih?,Negatif,Pertanyaan
"Ya semoga cuman pengumuman kaya karakter baru Buat sena atau Hiatus ya kan ??? ğŸ˜¢",Negatif,Pertanyaan
Ga mungkin dia graduate kan ga ada pesan dari agensi nya dia ya kan ???,Negatif,Pertanyaan
ga graduate kan senğŸ˜...gak kan?ğŸ˜¡,Negatif,Pertanyaan
Kenapa kena Rick roll lagi,Negatif,Pertanyaan
Sen? maksudnya ini apa?,Negatif,Pertanyaan
Thumbailnya kok mencurigakan gitu??,Negatif,Pertanyaan
ğŸ˜¢ mencium bau yang gak enak huhu apakah apakah apakah,Negatif,Pertanyaan
ga graduate kan bang?,Negatif,Pertanyaan
apa Sena nikah?ğŸ˜¡ğŸ˜¡,Negatif,Pertanyaan
Apakah Sena terdoxxing dan mau graduate??,Negatif,Pertanyaan
lah bisa gitu? Kukira ga bisa njir.. umur 12 tahun bisa seperti gitu ğŸ˜­,Negatif,Pertanyaan
"Alamak ada apa nih??",Negatif,Pertanyaan
"Kok fotonya agak mirip kek cerrys yang udh graduate yak? Apakah bakal terulang lagi? :"")",Negatif,Pertanyaan
kenapa gw sial banget hari ini sih?,Negatif,Pertanyaan
......bau bau apa ini? Gak enak.....ğŸ˜¢,Negatif,Pertanyaan
Kok auranya ga enak ya,Negatif,Pertanyaan
Itu kalau cebok gak bakal nempel di lubang tai kah huh?,Negatif,Pertanyaan
Kok jari tengah lebih pendek kukunya hmm? ğŸ™ƒ,Negatif,Pertanyaan
Loh kok gak ada yg digunting 1 kuku ya ğŸ—¿,Negatif,Pertanyaan
Kenapa thumbnail nya gitu dah ğŸ™‚?,Negatif,Pertanyaan
Kenapa lagu rick roll never gonna give you down bisa terkenal sampe sekarang sih?,Negatif,Pertanyaan
Loh apakah bang andi pedofil???,Negatif,Pertanyaan
sial kenapa gw tutup mata dan senyumÂ² sendiri,Negatif,Pertanyaan
Nih lagu kenapa sih menghampiri gw mulu asu,Negatif,Pertanyaan
Sial kenapa aku lihat berkali apakah aku sudah gila,Negatif,Pertanyaan
Ini durasinya brp lama kok gak selesai selesai,Negatif,Pertanyaan
Aku tau ini click bait tapi knp aku tetap nonton Ama nyanyi?,Negatif,Pertanyaan
Chloe kemanağŸ˜¢?,Negatif,Pertanyaan
kapan live lagi :((,Negatif,Pertanyaan
Dimana lewd nya ğŸ˜¡?,Negatif,Pertanyaan
Chloe masih aktif? Ini sudah dua bulan lohğŸ˜¡ğŸ˜¡,Negatif,Pertanyaan
Chloe udah lama ga bikin video kemanağŸ˜¢ğŸ˜¢?,Negatif,Pertanyaan
Kak sena kenapa? Kok bisa sampe di infus emang kesalahan apa yang kak sena lakukanğŸ˜¢semoga lekas sembuh ya kak senağŸ˜¢ğŸ˜¢,Negatif,Pertanyaan
apa? apa yang telah kamu lakukan?,Negatif,Pertanyaan
seberapa sakit sih??ğŸ˜¢ğŸ˜¢,Negatif,Pertanyaan
Kok bisa sen darah sena jadi coklat?ğŸ˜¢ğŸ˜¢,Negatif,Pertanyaan
cepat sembuh buat kamu sena tapi kamu sakit apa sampai diinfus begitu?ğŸ˜­,Negatif,Pertanyaan
Emang kmu ngapain sampai masuk RSğŸ˜­ğŸ˜­,Negatif,Pertanyaan
Sena kok ngilang?ğŸ˜­,Negatif,Pertanyaan
Janji gak hilangğŸ˜¢?,Negatif,Pertanyaan
waduh kemana nih chloe? udah ditunggu banyak orang nih :(,Negatif,Pertanyaan
Kamu baik baik aja kan chloe? ğŸ˜¢,Negatif,Pertanyaan
admin ğŸ˜¢ bagaimana kalau umur nya tidak cukup untuk mencapai minimal untuk mengikuti audisi?,Negatif,Pertanyaan
Bang Zen balik yuk?ğŸ˜¢ Kita gak bisa melupakan bang Zen bang Zen gimana kabarnya sekarang?ğŸ˜¢,Negatif,Pertanyaan
Lah belom April Zen ini asli kah?!,Negatif,Pertanyaan
Ini bercanda gk sihğŸ˜¢?,Negatif,Pertanyaan
Emang boleh sesedih ini? ğŸ¥²,Negatif,Pertanyaan
Bang zen beneran pergi kah? ğŸ˜¢,Negatif,Pertanyaan
LUMII WHERE ARE YOU ??? ğŸ˜­,Negatif,Pertanyaan
Lumi kamu kemana?? KANGEN LUMIII,Negatif,Pertanyaan
Astaghfirullah aku kaget takut chloe keluar dari layarğŸ˜¢. Chloe ga gigit kan ?,Negatif,Pertanyaan
waduh ini ga bahaya kah?,Negatif,Pertanyaan
MAKSUD APA MUKUL ISTRIKU ğŸ¤¬,Negatif,Pertanyaan
Maksud kamu apa menyakiti istri akuğŸ˜¡,Negatif,Pertanyaan
anjing ini bukan live stream?,Negatif,Pertanyaan
Jangan gitu lah kuroe...... Kapan aku move on dari anime klo kamu kayak gini terusğŸ˜¢,Negatif,Pertanyaan
kapan live lagi :(,Negatif,Pertanyaan
Minne Kapan balik aku merindukan kakak :(?,Negatif,Pertanyaan
Minerva hiatus sejak kapan :(?,Negatif,Pertanyaan
ok tiba tiba kangen ya sama mine ğŸ¥º,Negatif,Pertanyaan
Minerva kemana aja ğŸ˜­ğŸ˜­? kangennnn,Negatif,Pertanyaan
Kok gak ada yang kenal kak echi???,Negatif,Pertanyaan
Kenapa dakimakura selalu agak 4no gitu ya?,Negatif,Pertanyaan
Kenapa pose nya harus gitu anjir?,Negatif,Pertanyaan
kamu sakit apa?ğŸ˜­,Negatif,Pertanyaan
Kenapa oppai vtuber harus goyang pdhal gw liat nya biasa aja serius nanya,Negatif,Pertanyaan
Maksud kamu apa chi?ğŸ˜¡ğŸ˜¡,Negatif,Pertanyaan
Haduh ini gk graduate kan??? ğŸ˜­ğŸ˜­,Negatif,Pertanyaan
Tidak ada minecraft lagi kah risu ğŸ˜­?,Negatif,Pertanyaan
Kalau memang mental dan kesehatan fisik lagi down jangan dipaksakan Senaa Get Well Soon yah moga pemulihan nya cepat agar bisa menghibur kita semua lagiğŸ˜,Positif,Feedback
Kita akan selalu setia nunggu sena. Please have enough rest. Semoga cepat pulih dan kembali menjadi sena yang ceria,Positif,Feedback
Cepetan sehatnya sen biar warga nanes gak kangen ğŸ˜‚,Positif,Feedback
"Ya Selamat menikmati hiatusnya ya sen kalo boleh setelah hiatus terus live streaming ngomongin kamu abis dari mana aja ya sen. Semoga senang menjalani hiatusnya ğŸ˜ğŸ˜ğŸ˜ğŸ˜",Positif,Feedback
Semangat sena. Istirahat yang cukup ya. Kurangin begadang main valo â¤ï¸â¤ï¸,Positif,Feedback
"Sen jangan lupa makan yang teratur sen biar cepet sembuh kita selalu doa in  kamu kapanpun dimanapun senğŸ˜‚ .semangat nya!!",Positif,Feedback
Kalo ngantuk tidur aja chiğŸ˜,Positif,Feedback
Buat makin random aja nih karakternyağŸ˜‚,Positif,Feedback
Cii kalau mau buang air besar jangan ditahan ğŸ˜Š,Positif,Feedback
semoga outfit nya tambah sexy,Positif,Feedback
Itu yg di tengah pas awal video siapa? Kok cantik banget tapi ga pernah keliatan wkwkwk,Positif,Feedback
Jangan pake BH dikepala seperti perkataan V wkwkwk,Positif,Feedback
I want more lewd ğŸ˜,Positif,Feedback
Coba Pake skin hitler nanti ku beli,Positif,Feedback
Ingat Tidak boleh untuk anak di bawah umur sen.. YağŸ˜‚,Positif,Feedback
Klo sena nya memakai baju pantai boleh lah,Positif,Feedback
Auto banyak yang beli kalau itu dakimura,Positif,Feedback
Anak kecil disuruh pake celana gemes mana cocok kwkwkw,Positif,Feedback
ğŸ˜kak Eci cover lagu cupid,Positif,Feedback
"echi keren kamu teruskan berkarya chi<a href=""about:invalid#zCSafez""></a><a href=""about:invalid#zCSafez""></a>",Positif,Feedback
coba pakai SoT sen mungkin lebih menarik,Positif,Feedback
"Menarik perhatian karna menunjukan paha & seperti pake celana dalam (menurut gw pribadi) tetapi tidak disarankan untuk di pake kucing malah serasa pake sarungğŸ˜‚",Positif,Feedback
"salah ukuran Sen itu oversize dikit nggak ngaruh :v",Positif,Feedback
"Pakai yang lebih kecilğŸ™Œ,",Positif,Feedback
itu celana buat anak dewasa bukan buat anak kecil hihihi,Positif,Feedback
Anjer makanya sen rutin olahraga juga biar ga sakit pula,Positif,Feedback
"beli ukuran anak-anak ajağŸ˜",Positif,Feedback
Sen semoga cepet sembuh dan bisa beraktivitas normal lagi amin â¤â¤,Positif,Feedback
Jangan sampai dah dihias malah digigitğŸ˜‚,Positif,Feedback
"cakep bang kuku nya, lebih cakepny lagi mandi dlu sebelum foto bang ğŸ˜",Positif,Feedback
Minimal mukanya di liatin juga ğŸ˜‹,Positif,Feedback
Minimal bercermin dulu lah sebelum bernasehat ğŸ˜,Positif,Feedback
Tolong ini character minta digambar ulang jadi ular ajağŸ˜‚ğŸ˜‚ğŸ˜‚,Positif,Feedback
Ya daripada pacaran dapet dosa mending mendambakan yang tidak nyatağŸ˜‚ğŸ˜‚,Positif,Feedback
Ingat seponggebop pemujaan terlalu berlebihan tidaklah sehatğŸ˜,Positif,Feedback
Ok nice information ya makasih banget sih,Positif,Feedback
Meskipun ada yg agak ga jelas pengucapannya tapi tetap enak suka suka,Positif,Feedback
Wah kalo gitu gua gak berani wkwk jujur gua punya adek cewek sih buka pintu kudu ngetuk dulu biar sopan aja wkwk kasih contoh yg bagus. Ya kali gua nyelonong masuk aja ntar dia lagi ganti baju gua yg repot wkwk,Positif,Feedback
Abang lu kurang satu hal yaitu gangguin adek nya ketika adek nya lgi seriusğŸ˜‚ğŸ˜‚ğŸ˜‚,Positif,Feedback
How about a meat beating competition then? ğŸ˜‚ğŸ˜‚ğŸ˜‚,Positif,Feedback
I don't know but the song gives me atomic heart vibes ğŸ˜‹,Positif,Feedback
jangan kelamaan Hiatus nya nanti keburu kangen aku ğŸ˜,Positif,Feedback
Lah belajar lah kak Ela ğŸ˜‚ğŸ˜‚ dengan cara tanpa pandang matanya,Positif,Feedback
masih ingat omongan orang tua jangan suka mengembungkan pipi ntar kena gondokanğŸ˜,Positif,Feedback
Bukannya serem malah lucu ğŸ˜‚ğŸ˜‚,Positif,Feedback
semoga outfit nya tambah sexy,Positif,Feedback
Kalau diet ya jangan makan itu gampang kanğŸ˜ğŸ˜,Positif,Feedback
Iya Chloe galak tapi sayangnya lemot sekali ğŸ˜‚,Positif,Feedback
wah udh lama gk liat echi nyanyi merdu juga suaranya waktu cover ini tanpa ame&quot;,Positif,Feedback
ih jangan galak galak nanti makin sayang aku,Positif,Feedback
Telur puyuh nya kurang banyak sih nih wkwkwk,Positif,Feedback
harusnya pakai jeruk sama melon biar makin sedap ğŸ˜,Positif,Feedback
Random voice nya tupai tapi enak bgt didengerin sambil kerja wkwkwk,Positif,Feedback
More shitposting content min ğŸ˜,Positif,Feedback
Tebaik walaupun pelatğŸ¤£ğŸ¤£,Positif,Feedback
Jokesnya seru,Positif,Feedback
i'm so excitedğŸ˜,Positif,Feedback
Enak cuy akhir akhir ini lagi demen dengerin aransemen tokyo city pop,Positif,Feedback
Oke ditunggu baju baru buat Princess KOBO,Positif,Feedback
tetap masih pendek aja yopğŸ˜‚,Positif,Feedback
"Kan enak gini gk ada suara AME nya :)",Positif,Feedback
bagus banget sayang meskipun haaaah nya kurang,Positif,Feedback
Jadi pengen main tebak tebakan chara wkwk,Positif,Feedback
HORE LOVE LIVE MANTAP NIH MUSIK COY,Positif,Feedback
Widih mantap jiwa kak moona dan holoID Mantap lagunya,Positif,Feedback
Suara Chloe Kawaii banget ğŸ’–,Positif,Feedback
ADEM BANGET SUKA LAGU CHLOE SELALU KEREN,Positif,Feedback
Keren lagunya,Positif,Feedback
Bang kang remix ame secepatnya remix ame ame oo echi bang yang berkualitas suara sedap echinee sungkem para remixer ame ğŸ™.<br>AME AME OO AME AME OO!!,Positif,Feedback
Suara kamu kok smooth banget sih candu tau gak,Positif,Feedback
Suara anda bisa membuat hati kita warga pawapuan menjadi tenang,Positif,Feedback
Next tema gunung dong kuroe hehe,Positif,Feedback
Kita butuh versi fullnya lagunya enak bet didengar,Positif,Feedback
Lagunya enjoy banget feel nya dapet. Kemaren nyoba ini lagu sambil main gitar eh temen temen pada tersipu dengernya wkwk. Mantap jiwa Chloe-san,Positif,Feedback
sudah bikin lagu yang bagus suara nya merdu trus dikasih lirik + chord gitar pula wkwkwk lengkap dah :),Positif,Feedback
Lagu ini yang paling saya suka Dari channel ini ğŸ’•ğŸ˜,Positif,Feedback
Makasih chloe lagunya lucu..bikin senyum2 sendiri. Sering sering ya bikin lagu atau cover lagu yg liriknya lucu lucu gini. Menghibur bangetğŸ’•,Positif,Feedback
Wah... Suaranya merdu sekali. Cocok untuk di dengar pas sebelum tidur. Kalau di buat full lagunya pasti lebih keren lagi. ğŸ˜ğŸ˜ğŸ˜,Positif,Feedback
Ini keren banget ... Dari pembuatan musik dan liriknya pas banget. Enak banget buat didengar terus menerus,Positif,Feedback
Gila akhirnya bikin original songnya bang(Î¸â€¿Î¸) keren bgt semangat trus bikin konten bang(ã†Ï‰ã†),Positif,Feedback
Kobo aku tunggu album punya mu~ suka banget,Positif,Feedback
nyanyinya pas gambar bagus terus kalo orang suka siapa itu kan senang jadi aku suka banget!,Positif,Feedback
Mantap lagu nya. Bikin full version Mantra Hujan dong,Positif,Feedback
Aku harap bakal ada versi full dari mantra hujan suatu saat. Lagu yang chill banget didenger saat lagi kerja atau belajar. Thankyouu kobooo,Positif,Feedback
Echi-chan terimakasih buat full cover version. aku menyukainya~ ,Positif,Feedback
Mantap kak echi ditunggu cover selanjutnya ğŸ”¥,Positif,Feedback
Meskipun ada yg agak gak jelas pengucapan nya tapi tetap enak suka,Positif,Feedback
Loh... ini Gyutto versi Echi ya. kok ga ada Ame-nya ?? jokes aside. what a beautifull cover echi. Ga pinter nyanyi hanyalah scam... Semangat terus echi !!!,Positif,Feedback
Keren kak. tinggal nunggu collaboration ame om RayğŸ˜,Positif,Feedback
Omg I love this version even more than the original!,Positif,Feedback
Baru opening lagu nya auto suka suara nya ka ReyğŸ˜ğŸ˜ğŸ˜ Ini lagu nya cocok banget buat di bikin opening role play gituğŸ˜ğŸ˜,Positif,Feedback
INI GILA!!  udah deh gak tau mau ngomong apa tpi ini beneran keren parah suaranya!!  Terusin bakatnya kak!,Positif,Feedback
Aku baru subscribe dan check semua cover mu yg di playlist.. menurut ku ini still with you paling enak didengar... rasanya warna suara mu cocok banget gitu sama lagunya aransemen musiknya juga kerennn...,Positif,Feedback
Ni lagu cocok bgt buat jd backsound film sedih setelah bencana atau perang yang sedih bgt rasanya adem,Positif,Feedback
Happy birthday Echi!! keren banget covernya rajin rajin bikin cover ayo :DD,Positif,Feedback
Wih semoga muncul lagu-lagu baru lagi dan song original buatan sendiri ğŸ˜ğŸ˜ğŸ‰,Positif,Feedback
Banyakan yg cover ikutan effect suara yg asli tapi yg ttp pake suara manusia jarang baru dua yang ketemu dan bagus,Positif,Feedback
pinter nih sena pakai thumbnail yang ke gini biar pada dateng,Positif,Feedback
Wow HBD eciiiiii ğŸ˜ğŸ˜ğŸ˜ nice cover di tunggu cover selanjutnya ciii,Positif,Feedback
Art nya bagus banget. ya suara nya bagus juga kok,Positif,Feedback
Coba kamu collaboration ama milyhya,Netral,Feedback
Kasih jumpscare diakhir video biar seru,Netral,Feedback
Bisa dipertimbangkan jika ada yang full depan belakang,Netral,Feedback
Satu juta pun gak akan ku beli kecuali wujud nekoyamasena jadi pace baru mau,Netral,Feedback
paha yang gambar pertama lebih gede daripada sebelumnya,Netral,Feedback
kurang naik dan kurang gede pahanya,Netral,Feedback
Kak maen Inhertiage BoE dong itu gamenya dari Indonesia bahasanya juga Indonesia menceritakan seorang perempuan bernama Nala dari bandung,Netral,Feedback
Kalo udh terkenal jangan sombong ya kak,Netral,Feedback
jangan lupa daftarin hak ciptanya chloe..<br>jaman sekarang banyak orang bedebah,Netral,Feedback
Saran judul : &quot;Jadian Yuk!&quot;,Netral,Feedback
cara kerjanya tidak seperti itu,Netral,Feedback
Bagusnya ini menurutku<br>Judulnya pandangan pertama,Netral,Feedback
Cari yg ukurannya dibawah S Sen,Netral,Feedback
sena tolong taro link saweria,Netral,Feedback
tidak apa-apa itu bisa dipake sampe umur 25 sen,Netral,Feedback
Itu bukan untuk anak kecil sena,Netral,Feedback
saran lagu &quot;ego kamu&quot;,Netral,Feedback
coba cari ukuran anak-anak,Netral,Feedback
"Kalau enggak liat nama akun nya kukira kaki cowok anak singkong maaf",Netral,Feedback
Menurutku tergantung paha milik sena,Netral,Feedback
Kurang besar kata mama gw,Netral,Feedback
Sena di thumbnail harusnya bilang: OM JANGAN OM,Netral,Feedback
Judul yg bagus menurutku si &#39;lepaskan egomu&#39;,Netral,Feedback
Makanya cari yg ukuran XXS,Netral,Feedback
Haaah nya kurang geter ci coba agak menahan napas dikit,Netral,Feedback
Perbanyak latihan otot kaki,Netral,Feedback
Next lagu mosawo kaiiro,Netral,Feedback
"Size nya cari paling kecil kalau udah paling kecil ga muat besarkan badannya",Netral,Feedback
Face reveal dong beb ğŸ—¿,Netral,Feedback
ototnya keliatan semua,Netral,Feedback
hehnya masih kurang mendalami tapi nice lah,Netral,Feedback
Ecchi cuci tangan dulu ğŸ˜…,Netral,Feedback
Mandi dulu chi,Netral,Feedback
jadi mau main gitar/ukulele <br>btw chloekapan-kapan bikin lagu yang bisa di cover pake piano dong..",Netral,Feedback
"Sepertinya kering ci kulit tangan kamu coba rendam pake air raksa ci ğŸ™‚",Netral,Feedback
Kuku doang yang cakep minimal mandi chi,Netral,Feedback
Tambahin efek petir buat jadi lebih keren,Netral,Feedback
Glitter nya ganti pake bon cabe saja,Netral,Feedback
Siapa sangka sena bisa main game ğŸ˜±ğŸ˜±ğŸ˜±,Netral,Feedback
minum dulu cik biar santai,Netral,Feedback
jangan suka mengembungkan pipi nanti terkena gondokan,Netral,Feedback
Tambahin BGM ajojing biar enak,Netral,Feedback
Chloe cosplay jadi barongsai dong,Netral,Feedback
Yah chloe gak keliatan kaya penyihir malah keliatan kayang sayang aku,Netral,Feedback
Harusnya ganti jadi alhaitam chi,Netral,Feedback
Gambar yang bisa membuat anda traveling,Netral,Feedback
Baru masuk Live udah bubar aja,Netral,Feedback
random banget livenya,Netral,Feedback
Tambahin dua komen lah biar pas 270 komentar nya,Netral,Feedback
Akhirnya si tupai satu ini ingat kalau dia punya ig,Netral,Feedback
kak kalau live streaming jangan terlalu malam,Netral,Feedback
Anda hanya mengakui "lumaya" bukan "sangat",Netral,Feedback
Lemot nya pake banget bukan pake lumayan,Netral,Feedback
Kartun gepeng mana bisa di cubit nanti handphone nya rusak,Netral,Feedback
Bisa dicubit lah atau disentil saja,Netral,Feedback
mau cubit tapi terhalang layar,Netral,Feedback
Jangan suka cubit nanti pipi Chloe tambah melar,Netral,Feedback
upload lah dua hari sekali,Netral,Feedback
Kalo di pin komen aku bakal kayang,Netral,Feedback
kak eci lupa belum komen di sini,Netral,Feedback
Mabar bersama pak Tua @luthfihalimawan,Netral,Feedback
Buat karnaval agustusan bagus tuh apalagi sambil menari nari gaya Assassin terong,Netral,Feedback
menunggu ame version,Netral,Feedback
Gak seberapa jelas kalungnya,Netral,Feedback
welcome back cuma bisa bilang semangat chi jangan maksain diri,Netral,Feedback
Welcome back bang jangan lupa jaga kesehatan,Netral,Feedback
Ditunggu main sama bang upi lagi,Netral,Feedback
ditunggu asmr nya,Netral,Feedback
chloe coba nyanyi lagu indonesia,Netral,Feedback
request collaboration sama bang lutfi,Netral,Feedback
semoga comeback dengan kostum & rambut baru,Netral,Feedback
gak perlu ditulis kata last nya,Netral,Feedback
coba melamar menjadi BA Ame,Netral,Feedback
request main kapal kapalan,Netral,Feedback
gas beli saja auto jadi top global WOW gak sih,Netral,Feedback
request gameplay minecraft,Netral,Feedback
Gw kira lagu stay with me request donk chi lagu stay with me,Netral,Feedback
chloe coba nyanyi lagu majas,Netral,Feedback
background nya terlalu gelap,Netral,Feedback
sepertinya ada belahan yang terlihat,Netral,Feedback
Moga lemot nya ilang chole :v,Netral,Feedback
Perbanyak olah raga biar gak sakit,Netral,Feedback
minta Tutorial bikin lagu kak,Netral,Feedback
kak nyanyi lagu sedih nama nya tabidachi no uta,Netral,Feedback
tutup pintunya awas serangga masuk,Netral,Feedback
Kebanyakan main handphone ya kok matanya kedip kedip,Netral,Feedback
nguapnya lama bener bang,Netral,Feedback
Risu sing about DDD come on,Netral,Feedback
request shit post di reels dong,Netral,Feedback
tolong ganti judulnya kak,Netral,Feedback
rilis album di spotify dong,Netral,Feedback
ayo collaboration lagi bersama generasi satu,Netral,Feedback
request collaboration karoke,Netral,Feedback
Buatin avatarnya yang ganteng,Netral,Feedback
jangan salting sama halu mulu,Netral,Feedback
kak chloe minta tips cara nembak pacar yang lain,Netral,Feedback
jangan kebanyakan makan kacang,Netral,Feedback
Gunakan kacamata karena kacamata adalah lensa tipis untuk mata guna menormalkan dan mempertajam penglihatan. Sekarang selain menjadi alat bantu penglihatan kacamata juga sudah menjadi pelengkap gaya serta menjadi alat bantu khusus untuk menikmati hiburan seperti kacamata khusus tiga dimensi,Netral,Feedback
Senyumnya agak mencurigakan bisa dibuat lebih natural,Netral,Feedback
request meme review lagi dong kak,Netral,Feedback
Apakah termasuk aroma kakimu sen? ğŸ˜‚,Positif,Pertanyaan
Spill aplikasi buat gambarnya dong hehe,Positif,Pertanyaan
itu sena kah? Tapi kok ada tato bekas gigit nya Orochimaru min ğŸ¤£ğŸ¤£,Positif,Pertanyaan
Ada rekomendasi channel yang bikin playlist cover para vtuber? Atau emang enggak ada karena copyright?. Jujur gw lebih suka denger musik dibandingkan konten. Tapi siapapun vtuber nya gw akan maksimalkan subscriber dan like video ya walaupun gw gak nonton. Thanks for cover kakğŸ‰,Positif,Pertanyaan
Moona buka restoran?? Dimana?? ğŸ˜ğŸ˜ğŸ˜,Positif,Pertanyaan
Akankah ini menjadi lagu tambahan dari ame full album guys? ğŸ˜‚,Positif,Pertanyaan
"admin bagaimana kalau umur nya tidak cukup untuk mencapai minimal untuk mengikuti audisi ?",Positif,Pertanyaan
"Satu channel buat dua orang bisa gak? Trus yang satunya sdh 20 tahun satunya lagi 15 tahun bisa kah?",Positif,Pertanyaan
"kangen banget lagunya kapan cover lagi kak?",Positif,Pertanyaan
Chole nggak ada niatan masukin lagunya ke spotify?,Positif,Pertanyaan
tertarik daftar tapi 17 tahun boleh ga ya ikut?,Positif,Pertanyaan
Kak yg kuning di tengah itu gen 4 nya ya?,Positif,Pertanyaan
Kak kapan cosplay svarog (garit) dan clara lagi? :),Positif,Pertanyaan
sena bisa bilang R ?ğŸ˜‚,Positif,Pertanyaan
Izin cover jadi Pop Punk ya kak CholeğŸ”¥ğŸ¤˜,Positif,Pertanyaan
Kapan lagi diminta ara ara sama anime hahaha,Positif,Pertanyaan
Ada link nya gk kak chloe? Atau spotify?,Positif,Pertanyaan
"Ada hoodienya nggak klo ada nitip 1ğŸ˜ğŸ‘†",Positif,Pertanyaan
Kenapa chloe kalau bikin lagu selalu relate mulu sih?,Positif,Pertanyaan
Yang tengah kapan debut kak?,Positif,Pertanyaan
APA?!! FOTO KAKI?!! DI EKONOMI SEPERTI INI?!!! FOTO KAKI SENA WOW ğŸ”¥ğŸ”¥ğŸ”¥ğŸ”¥ğŸ’¯ğŸ’¯ğŸ’¯ğŸ’¯,Positif,Pertanyaan
Kapan lagi dengar sena nyayiğŸ¤©ğŸ¤©?,Positif,Pertanyaan
ADA DAKIMAKURA GAK? AKU MAU BELI HEHEHE,Positif,Pertanyaan
ada yang no sensor gak,Positif,Pertanyaan
Mau sena.. Beli dimana tuh??,Positif,Pertanyaan
kenapa kok suara nya sena kawai banget,Positif,Pertanyaan
Sangat menarik sekali bukan.?? ğŸ˜‚ğŸ˜‚,Positif,Pertanyaan
dakimakura atau merchandise baru dari Sena nya kan?,Positif,Pertanyaan
Kak boleh di follow gk?,Positif,Pertanyaan
Ngapain Jari?? Tangan aja sini jadi milikku biar di genggam seharian full ğŸ˜‚ğŸ˜‚,Positif,Pertanyaan
Klo aku kasih cincin di jari manis mau nggak chi ?,Positif,Pertanyaan
Bagaimana kabar Totem Megane nya sen wkwkwk?,Positif,Pertanyaan
kenapa gw senyum :),Positif,Pertanyaan
BAJINGAN KENAPA GW SENYUM SENYUM ANJING UDAH GILA GW?? ğŸ˜‚ğŸ˜‚,Positif,Pertanyaan
Lu kenapa chi? Alhaitam selingkuh kah?ğŸ˜‚ğŸ˜‚,Positif,Pertanyaan
Nangis apa ketawa kamu chi? wkwkwk,Positif,Pertanyaan
masa sih chi udah mandi wkwkwk? kok masih bauu? uwu,Positif,Pertanyaan
serius ni chi udah mandi? okelah percaya jadi tambah cantik aja,Positif,Pertanyaan
Hmm Apa iya? Sini aku cium dulu..... ğŸ˜‹ğŸ¥°,Positif,Pertanyaan
terong kok bisa secantik ini? uwu,Positif,Pertanyaan
terong butuh 100 perak? Boleh ambil saja gak butuh jugağŸ˜‚,Positif,Pertanyaan
detail bibir nya cakep sen suka aku itu pake crayon?,Positif,Pertanyaan
Kabar sena gimana hari ini? ğŸ˜,Positif,Pertanyaan
boleh pegang ekornya risu ndak sih?,Positif,Pertanyaan
gemes banget ekornya dijual tidak itu?,Positif,Pertanyaan
risu kamu bisa promosikan tidak ekor kamu aku demen banget?,Positif,Pertanyaan
wkwkwk kenapa sih klo risu ketawa nular ke orang lain?,Positif,Pertanyaan
wkwkwk emang boleh ya sesantai itu?,Positif,Pertanyaan
Emagnya boleh se tidur itu??? ğŸ˜‚ğŸ˜‚,Positif,Pertanyaan
Goblok itu singkatan dari Gold Block ya? Baru tau ğŸ˜‚ğŸ˜‚,Positif,Pertanyaan
Iya truck mu lecet dikit lah mobil nya apa kabar wkwkwk?,Positif,Pertanyaan
kenapa tawamu berbahaya mbak ğŸ¤£,Positif,Pertanyaan
What a squirrel doing? ğŸ˜‚,Positif,Pertanyaan
Lho lho lho lho ga bahaya tah? ğŸ¤£ğŸ¤£,Positif,Pertanyaan
Siapa yang nonton video ini karena thumnailnya ternyata malah kena rickroll wkwkwk,Positif,Pertanyaan
Kamu yang melakukan kabedon? Tapi kok kamu yang malu?ğŸ˜‚,Positif,Pertanyaan
kalo aku melakukan kabedon kamu apa kamu bakal menerima perasaanku?,Positif,Pertanyaan
Banting boleh gak soalnya terlalu Kawai?,Positif,Pertanyaan
So cute you wanna marry me ğŸ¥°?,Positif,Pertanyaan
Apakah aku melihat bidadari yang turun dari dunia anime? ğŸ˜,Positif,Pertanyaan
Siapa yang naburin gula kebanyakan dah?ğŸ¤£,Positif,Pertanyaan
imut banget kak boleh aku culikğŸ¥°?,Positif,Pertanyaan
Siapa anak yang imut di dunia ini?,Positif,Pertanyaan
Who is this? Shes so cute. I wanna marry her,Positif,Pertanyaan
Hei versi full nya mana? ğŸ˜‚,Positif,Pertanyaan
Paling cecil kacamatanya jatoh juga begitu kan cil? ğŸ¥°,Positif,Pertanyaan
kenapa gua baru sekarang denger nya yah.. makasih chloe buat lagunya.,Positif,Pertanyaan
Bukan ngegombal tapi hanya mau bilang suara bidadari dari surga yang mana ini?,Positif,Pertanyaan
Kok jadi ikutan nyanyi ya saya? jujur aestetic banget ,Positif,Pertanyaan
yep nice song ketukkan nya liriknya real suara nice lembut i like it Hm...yaaa moga aja ada lanjutan dari lagunya...Pertanyaan: Original song?,Positif,Pertanyaan
lagu buatan sendiri kah? bagus banget!!! kasih lisensi atau free copyright paling engga biar orang ga asal claim nanti asli bagus banget cocok buat orang2 yg suka bikin video aestetic ww...bikin comfy banget lagunya!!,Positif,Pertanyaan
Ini lagu original kah? Btw auto subscribe gara gara lagu ini dan suaranya manis banget cuy. Keep singing Chloe xD,Positif,Pertanyaan
Ini lagu buatan Chloe? Really? Bukan versi cover? Gila nice bgt,Positif,Pertanyaan
Parah uwu sekali ğŸ¥° Btw judul lagunya apa?,Positif,Pertanyaan
Lagu buat sendiri chloe ini???? Good Game!,Positif,Pertanyaan
Uwu banget sih ini Apa gak ada kepinginan diupload di spotify nih mba Chloe?,Positif,Pertanyaan
kenapa kalo chloe itu kayak spesial aja gitu dan beda banget sama yang lain. Apalagi pas Nemu lagu ini rasanya,Positif,Pertanyaan
Entah kenapa ini lagu bisa jadi mood booster gua tapi ya good job chloe ğŸ”¥,Positif,Pertanyaan
kenapa aku baru tau please tetep semangat ya chloe parah enak banget lagunya,Positif,Pertanyaan
entah kenapa gw ngakak di lirik 'tiang tiang' wkwkwk,Positif,Pertanyaan
waduh apa ini?? Selamat Cecil!! Cover pertama yang 'bagus' banget!!,Positif,Pertanyaan
Akankah ini menjadi lagu tambahan dari ame full album guys?ğŸ˜‚,Positif,Pertanyaan
Ame ame nya mana chi wkwkwk,Positif,Pertanyaan
Kok malah aku suka subtitle nya ya ?,Positif,Pertanyaan
Sena di rumah aku ada kandang kosong kamu mau isi gak?ğŸ˜‚,Positif,Pertanyaan
Wah boleh ikut audisi nih? sudah 17 tahun,Positif,Pertanyaan
ini serius kak kamu yang nyanyi? merdu banget,Positif,Pertanyaan
Kak tahun depan bakal ada audisi lagi ga?,Positif,Pertanyaan
Cara bikin video perkenalan dirinya pake muka asli ya?,Positif,Pertanyaan
Pas si kuning debut harus langsung ditanya "anaknya cwo/ cwe?" ğŸ˜‚,Positif,Pertanyaan
Bagus Bagus Tapi Bukankah Terlalu cepat buat mahapanca Nyari Gen 4?,Positif,Pertanyaan
Kak mau tanya bkin video perkenalan dirinya nunjukin muka apa nggak ya?,Positif,Pertanyaan
Pengen juga sih tapi gak bisa gambar gimana tuh?? @memories,Positif,Pertanyaan
Saya mau ikutan tapi saya tidak punya komputer dan laptop apakah bisa?,Positif,Pertanyaan
Deadline pendaftaran kapan? sebentar lagi ulang tahun hehe,Positif,Pertanyaan
petikan nya bagaimana kak chloe?,Positif,Pertanyaan
Apakah masih bisa daftar?,Positif,Pertanyaan
Launching kapan ? Plus ini tersedia cuma di holoidcaf3 atau online admin? Kalo online gas,Positif,Pertanyaan
Sena bisa mendesah? Kok ada ahh nya tdi wkwkğŸ—¿,Positif,Pertanyaan
APA INI CAK??!!!! ğŸ˜‚ğŸ˜‚ğŸ˜‚ğŸ˜‚ğŸ˜‚,Positif,Pertanyaan
Konteks dong kenapa sena hiatus? Belum liat livenya semalam,Netral,Pertanyaan
"Sen ini postingan ke 666 nya sena kah?",Netral,Pertanyaan
INI KUNTI JOIN AGENSI KAH,Netral,Pertanyaan
Bang kamu bisa kayang ga?,Netral,Pertanyaan
Sena bukan yaa ğŸ˜‚,Netral,Pertanyaan
Itu videonya durasinya berapa lama ya?,Netral,Pertanyaan
apa cuma gw yg tiap pagi dengerin lagu ini?,Netral,Pertanyaan
Dari terong jadi pisang?,Netral,Pertanyaan
Apakah ini mbak tia?,Netral,Pertanyaan
couple ama alhaitam gk nih baju bang?,Netral,Pertanyaan
Gak ada yang cowok kah?,Netral,Pertanyaan
Apa? kamu bilang adik? Aku mau 5ğŸ˜,Netral,Pertanyaan
Kapan ya bisa liat Sena gondal gandul?,Netral,Pertanyaan
Laki laki bisa gak admin?,Netral,Pertanyaan
Gimana caranya jadi anime kaya Sena?.,Netral,Pertanyaan
"Bentar dulu sepertinya kenal ini gambar, tapi lihat dimana ya? ğŸ¤”ğŸ—¿",Netral,Pertanyaan
Info belinya dimana,Netral,Pertanyaan
Sena bisa beli pulau nggak sama ngambil uang rakyat?,Netral,Pertanyaan
Itu coklat coklat apaan ğŸ¤”,Netral,Pertanyaan
Sena kapan main realty nya??,Netral,Pertanyaan
Versi chibi ada kah?,Netral,Pertanyaan
"Yang edisi bantal sama guling gak ada ya gak bisa di pelukğŸ™ˆ",Netral,Pertanyaan
Gak asing nih anime tapi kok mirip aplikasi yang aku punya ya? ğŸ—¿ğŸ‘ğŸ»,Netral,Pertanyaan
Mukanya blushing kenapa tuch,Netral,Pertanyaan
Yang ngejual kucing kaya gini dimana ya?,Netral,Pertanyaan
Pakai gitar mainnya?,Netral,Pertanyaan
Garit kah?,Netral,Pertanyaan
Mau liat aku yang pake ga?sexy loh,Netral,Pertanyaan
Lah ini skeleton dari anime mana?,Netral,Pertanyaan
Sekarang umur sena 13 yah? Kok kecil banget kaki nya,Netral,Pertanyaan
Itu celana ukuran xxl?,Netral,Pertanyaan
Dimana cabul nya?,Netral,Pertanyaan
apakah terong mulai berevolusi?,Netral,Pertanyaan
Kak sena suka diri sendiri gk aku tanya dikit ya tidak apa-apa kan,Netral,Pertanyaan
Udelnya mana sen? @nekoyamasena,Netral,Pertanyaan
Loh kakak youtuber baru ya,Netral,Pertanyaan
Itu celananya dah ukuran paling kecil yağŸ—¿,Netral,Pertanyaan
Perutnya mana bang,Netral,Pertanyaan
"maaf sen kamu beli yang oversize ya??",Netral,Pertanyaan
Kak itu nanyi suara kakak yang asli atau pake apikasi?,Netral,Pertanyaan
Apakah mau audisi gen 12 sen?,Netral,Pertanyaan
sena? cuma perayaan biasa kan? iya kan sena?,Netral,Pertanyaan
siapa yang nonton karena thumbnail,Netral,Pertanyaan
Ada apa sena? Hmm mending aku tonton dulu deh,Netral,Pertanyaan
Terong punya kuku? Mutasi kah?,Netral,Pertanyaan
Anda nafsu sama ekor tupai?,Netral,Pertanyaan
Kupingnya ngebug woi yang fungsi yang mana?,Netral,Pertanyaan
aku mau pegang itu boleh gak chi??,Netral,Pertanyaan
"Kuku ya udah bagus,jadi udah mandi chi?",Netral,Pertanyaan
Kok jarinya ada 5? ğŸ˜¯,Netral,Pertanyaan
Anjir itu apaan ci yang nyelip nyelip di dalam kuku kuning?,Netral,Pertanyaan
kuku jari tengah kok pendek sendiri ci?,Netral,Pertanyaan
"Kukunya laki jari nya perempuan, apakah itu?",Netral,Pertanyaan
Memukul anak kucing ditangkap polisi ato KPAI?,Netral,Pertanyaan
Emang terong ada jarinya ? ğŸ‘€,Netral,Pertanyaan
Tangan siapa itu chi?,Netral,Pertanyaan
apakah eci sudah mandi belom?,Netral,Pertanyaan
tangan kanannya gimana?,Netral,Pertanyaan
Apakah ini tangan yang belum mandi,Netral,Pertanyaan
Kak mau gabung jadi team kakak tapi kalo gabung itu bayar ya?,Netral,Pertanyaan
Durasi video nya emang 3 jam ya?,Netral,Pertanyaan
Adopsi kucing jenis virtual gini dimana bang?,Netral,Pertanyaan
Kalian sudah berapa lama di sini? aku sudah dari awal debut kok,Netral,Pertanyaan
sen kalo berak pake pasir merek apa ?,Netral,Pertanyaan
emang boleh ya se halusinasi seperti ini,Netral,Pertanyaan
Sen kamu nggak ikut pindah rumah sama Mas Garit?,Netral,Pertanyaan
Mau kamu di kecup mbak mbak gendut?,Netral,Pertanyaan
Apakah internet sudah menjadi 4G+?,Netral,Pertanyaan
Oi ayunda apakah masih hdup?,Netral,Pertanyaan
chii besok aku ultah gak mau kamu ucapin gitu?,Netral,Pertanyaan
Mau tidak jadi adik ku? tolong Jawab komen ini Sena sena chan,Netral,Pertanyaan
Apakah dengan mengirimkan ini ke bang al apakah dia mau berolahraga,Netral,Pertanyaan
Ini pasti streamer yg suka tidur itu ya?,Netral,Pertanyaan
Admin ada rundown nya gak admin?,Netral,Pertanyaan
Untuk umum kah ini guys?,Netral,Pertanyaan
gyutto versi aman kah?,Netral,Pertanyaan
apakah ini yang asli kan?,Netral,Pertanyaan
Kak echi ame nya mana kak?,Netral,Pertanyaan
Kak mau nanya kalo mau jadi vtuber bayar karakter yg bagus berapa ya?,Netral,Pertanyaan
Kak kalo live streaming kapan kak,Netral,Pertanyaan
Kak tutorial jadi subscriber kakak gimana,Netral,Pertanyaan
untuk video nya memakai karakter yg di buat sendiri ya?,Netral,Pertanyaan
di channel nya siapa moona cover nya?,Netral,Pertanyaan
Min masih buka gak pendaftarannya?,Netral,Pertanyaan
Wait sena umur 12 kok bisa?,Netral,Pertanyaan
nanti debutnya bareng yang kuning kah?,Netral,Pertanyaan
Chloe ikut debut gen 4 kah??,Netral,Pertanyaan
detik ke 18 itu talent baru kah yang di tengah?,Netral,Pertanyaan
Karakter nya di sediakan kah??,Netral,Pertanyaan
Ini celananya yg kebesaran apa orangnya yg kekecilan?,Netral,Pertanyaan
pengumuman nya tanggal berapa?,Netral,Pertanyaan
Ada yang mau bikin group? ,Netral,Pertanyaan
Kata siapa kalau sena ikan?,Netral,Pertanyaan
apakah Zeta orang sunda ya?,Netral,Pertanyaan
Kata siapa kamu orang pertama?,Netral,Pertanyaan
Zetanya dijual terpisah ga admin?,Netral,Pertanyaan
itu kucing atau cat?,Netral,Pertanyaan
tutor bisa cepet belajar bahasa asing gimana?,Netral,Pertanyaan
Apa makanan Jepang Indonesia dan Bali favorit kakak? Yang menjadi rekomendasi buat para para brand ambassador?,Netral,Pertanyaan
siapa di sini yang sudah tau ini pasti bohongan dan tetap nonton,Netral,Pertanyaan